类型,扫描提交,发现日期,代码,公司,事件,快照状态,后续报告,说明
旧报告失效,1de3be99aa185e3f5a7ae7e4324c83f021d92e04,2026-09-05,CN:300558,贝达药业,恩沙替尼术后辅助适应症获批,stale,,research/companies/CN/300558/updates/2026-09-05.md
旧报告失效,1de3be99aa185e3f5a7ae7e4324c83f021d92e04,2026-09-05,CN:301308,江波龙,H股发行规模与最终价格落地,stale,,research/companies/CN/301308/updates/2026-09-05.md
旧报告失效,1de3be99aa185e3f5a7ae7e4324c83f021d92e04,2026-09-05,CN:600711,盛屯矿业,收购西藏海腾65%股权,stale,,research/companies/CN/600711/updates/2026-09-05.md
旧报告失效,1de3be99aa185e3f5a7ae7e4324c83f021d92e04,2026-09-05,CN:601009,南京银行,全部赎回并摘牌50亿元优先股,stale,,research/companies/CN/601009/updates/2026-09-05.md
旧报告失效,1de3be99aa185e3f5a7ae7e4324c83f021d92e04,2026-09-05,CN:688099,晶晨股份,H股发行取得中国证监会备案,stale,,research/companies/CN/688099/updates/2026-09-05.md
旧报告失效,f0b6ef83385be92e14524d8f21f9ebb59a603877,2026-08-29,CN:601872,招商轮船,取得安通控股控制权审阅,stale,,research/companies/CN/601872/updates/2026-08-29.md
旧报告失效,5ec68f8a52c88cd53a7e033aebc1dfa34f24f774,2026-08-28,CN:603259,药明康德,出售药明合联股份审阅,stale,,research/companies/CN/603259/updates/2026-08-28.md
旧报告失效,eeecaad317a005f36e537d967438a2b91062bea4,2026-08-27,CN:000600,建投能源,向特定对象发行股票落地审阅,stale,,research/companies/CN/000600/updates/2026-08-27.md
旧报告失效,8867879593ef6fad3b8b565859c0a54b15fc0702,2026-08-26,CN:688506,百利天恒,BL-B01D1乳腺癌III期主要终点核对,stale,,research/companies/CN/688506/updates/2026-08-26.md
旧报告失效,838bd7ad0b55dac1835da235fd47dd4020d00efc,2026-08-25,CN:002460,赣锋锂业,1.8亿美元LAR可转债投资使报告失效,stale,,research/companies/CN/002460/updates/2026-08-25.md
旧报告失效,838bd7ad0b55dac1835da235fd47dd4020d00efc,2026-08-25,CN:601988,中国银行,200亿元永续资本债使报告失效,stale,,research/companies/CN/601988/updates/2026-08-25.md
旧报告失效,214fa0968f478b4db9153d0285ae23becc1d3e54,2026-08-22,CN:300502,新易盛,2026年限制性股票激励计划核对,stale,,research/companies/CN/300502/updates/2026-08-22.md
旧报告失效,dc88eaced59df9e97bf250048ec9465ee67a16b2,2026-08-19,CN:000426,兴业银锡,拟取得威领股份控制权事项审阅,covered,research/companies/CN/000426/reports/2026-08-30.md,research/companies/CN/000426/updates/2026-08-19.md
旧报告失效,dc88eaced59df9e97bf250048ec9465ee67a16b2,2026-08-19,CN:300558,贝达药业,DURAVYU LUGANO III期完整数据审阅,stale,research/companies/CN/300558/reports/2026-08-30.md,research/companies/CN/300558/updates/2026-08-19.md
旧报告失效,da61bf36458ef8d2a1376e1bd98a83111a29c3fa,2026-08-18,CN:688506,百利天恒,BL-B01D1肺癌三期试验达到主要终点使当前研究失效,stale,research/companies/CN/688506/reports/2026-08-21.md,research/companies/CN/688506/updates/2026-08-18.md
首次研究候选,1de3be99aa185e3f5a7ae7e4324c83f021d92e04,2026-09-05,CN:002064,华峰化学,公司披露发行股份及支付现金购买资产草案，拟以约68.5亿元收购两家关联化工资产100%股权，业务边界、股本和关联交易均发生重大变化。,candidate,,event-2026-09-05-a-2
首次研究候选,1de3be99aa185e3f5a7ae7e4324c83f021d92e04,2026-09-05,CN:301613,新铝时代,公司公告收购宏联电子100%股权已完成过户，新增资产正式并入公司边界，值得完整研究交易后的盈利、现金流和资本回报。,candidate,,event-2026-09-05-a-2
首次研究候选,1de3be99aa185e3f5a7ae7e4324c83f021d92e04,2026-09-05,CN:600903,贵州燃气,公司披露以约11.64亿元收购贵州页岩气100%股权并发行约2.41亿股及配套募资的草案，资产边界和资本结构发生实质变化。,candidate,,event-2026-09-05-a-2
首次研究候选,65d325b7d89896ba78a62c89868202eed8ef1872,2026-08-29,CN:000635,英 力 特,控股股东拟公开征集转让股份，交易对手尚未确定且可能导致控股股东、实际控制人变更，治理与资本配置边界值得完整研究。,candidate,,event-scan-2026-08-29-063527-backfill
首次研究候选,65d325b7d89896ba78a62c89868202eed8ef1872,2026-08-29,CN:000803,山高环能,控股股东拟认购不超过6.5285亿元定增，发行上限为现股本30%且募集资金全部偿还银行借款，稀释、杠杆和控制权边界值得完整研究。,candidate,,event-scan-2026-08-29-063527-backfill
首次研究候选,65d325b7d89896ba78a62c89868202eed8ef1872,2026-08-29,CN:002676,顺威股份,"2.4229亿元简易定增已获注册，拟发行5,768.83万股用于风叶自动化和高性能复合材料产能，资本开支与稀释边界值得完整研究。",candidate,,event-scan-2026-08-29-063527-backfill
首次研究候选,65d325b7d89896ba78a62c89868202eed8ef1872,2026-08-29,CN:002828,贝肯能源,控股股东拟以4.0775亿元转让11.65%股份，连同后续大宗交易将导致控制权变更，治理与业务边界值得完整研究。,candidate,,event-scan-2026-08-29-063527-backfill
首次研究候选,65d325b7d89896ba78a62c89868202eed8ef1872,2026-08-29,CN:300772,运达股份,苍南6号海上风电核准容量由210MW增至300MW，项目总投资调整至30.7408亿元，资本开支与资产边界发生实质变化，值得完整研究。,candidate,,event-scan-2026-08-29-063527-backfill
首次研究候选,65d325b7d89896ba78a62c89868202eed8ef1872,2026-08-29,CN:301111,粤万年青,控股子公司签署预估总额12.4416亿元、毛利率约10%—20%的长期算力服务合同，规模远超当前收入且需大额设备采购和融资，业务与杠杆边界值得完整研究。,candidate,,event-scan-2026-08-29-063527-backfill
首次研究候选,65d325b7d89896ba78a62c89868202eed8ef1872,2026-08-29,CN:301112,信邦智能,发行股份及支付现金收购英迪芯微100%股权并配套募资的重大重组更新评估基准和草案，合并范围、稀释与关联交易边界值得完整研究。,candidate,,event-scan-2026-08-29-063527-backfill
首次研究候选,65d325b7d89896ba78a62c89868202eed8ef1872,2026-08-29,CN:301205,联特科技,拟向境外子公司增资不超过1.5亿美元并建设马来西亚高速光模块智造基地，全球产能、资本开支和交付边界发生实质变化，值得完整研究。,candidate,,event-scan-2026-08-29-063527-backfill
首次研究候选,65d325b7d89896ba78a62c89868202eed8ef1872,2026-08-29,CN:603327,福蓉科技,简易程序定增申请已获上交所审核通过，融资推进将改变股本、资本开支与每股口径，值得完整研究。,candidate,,event-scan-2026-08-29-063527-backfill
首次研究候选,65d325b7d89896ba78a62c89868202eed8ef1872,2026-08-29,CN:603685,晨丰科技,拟投资沈阳储能项目，总投资7.0亿元、公司预计投入5.95亿元，业务和资本开支边界发生实质变化，值得完整研究。,candidate,,event-scan-2026-08-29-063527-backfill
首次研究候选,65d325b7d89896ba78a62c89868202eed8ef1872,2026-08-29,CN:605016,百龙创园,向不特定对象发行可转债申请已获上交所上市审核委员会通过，潜在债务、转股稀释和募投项目边界值得完整研究。,candidate,,event-scan-2026-08-29-063527-backfill
首次研究候选,65d325b7d89896ba78a62c89868202eed8ef1872,2026-08-29,CN:688028,沃尔德,拟定增募资不超过14.5亿元，主要投向金刚石微钻、功能部件和研发中心，新增产能、资本开支与稀释边界值得完整研究。,candidate,,event-scan-2026-08-29-063527-backfill
首次研究候选,65d325b7d89896ba78a62c89868202eed8ef1872,2026-08-29,CN:688296,和达科技,拟以自有及自筹资金不超过1.5亿元建设产业基地，新增资产、资本开支及融资需求值得完整研究。,candidate,,event-scan-2026-08-29-063527-backfill
首次研究候选,f0b6ef83385be92e14524d8f21f9ebb59a603877,2026-08-29,CN:000558,天府文旅,"以1.7398亿元收购毕棚沟公司34.3%股权；标的2025年净利润4,635万元、经营现金流8,531万元，资产与利润边界发生实质变化，值得完整研究。",candidate,,event-scan-2026-08-29-003243
首次研究候选,f0b6ef83385be92e14524d8f21f9ebb59a603877,2026-08-29,CN:002723,小崧股份,拟由关联方认购定增不超过5.5亿元、发行上限为现股本30%，控制权关联、稀释和资本结构变化值得完整研究。,candidate,,event-scan-2026-08-29-003243
首次研究候选,f0b6ef83385be92e14524d8f21f9ebb59a603877,2026-08-29,CN:002779,中坚科技,机器人子公司增资投前估值45亿元，同时签署总投资12亿元的智能机器人产业化项目，业务与资本开支边界发生实质变化，值得完整研究。,candidate,,event-scan-2026-08-29-003243
首次研究候选,f0b6ef83385be92e14524d8f21f9ebb59a603877,2026-08-29,CN:002968,新大正,拟以9.1714亿元收购资产并配套募资不超过4.5857亿元，预计新增商誉约5.30亿元，业务、稀释和资产负债边界值得完整研究。,candidate,,event-scan-2026-08-29-003243
首次研究候选,f0b6ef83385be92e14524d8f21f9ebb59a603877,2026-08-29,CN:300176,鸿特科技,配股新增股份落地，募集总额4.8442亿元、发行价3.36元，股本与资本结构已发生实质变化，值得完整研究。,candidate,,event-scan-2026-08-29-003243
首次研究候选,f0b6ef83385be92e14524d8f21f9ebb59a603877,2026-08-29,CN:600162,香江控股,全资子公司与关联方签订五年算力技术服务合同，合同上限9.7亿元，业务结构、关联交易和履约边界值得完整研究。,candidate,,event-scan-2026-08-29-003243
首次研究候选,f0b6ef83385be92e14524d8f21f9ebb59a603877,2026-08-29,CN:600569,安阳钢铁,控股股东拟认购定增不超过15亿元、发行上限为现股本30%，申请已获交易所受理，稀释与资本结构变化值得完整研究。,candidate,,event-scan-2026-08-29-003243
首次研究候选,f0b6ef83385be92e14524d8f21f9ebb59a603877,2026-08-29,CN:603078,江化微,23.96%股份转让、董事会改组及控制权变更已完成，实际控制人变为上海市国资委，治理与资本配置边界值得完整研究。,candidate,,event-scan-2026-08-29-003243
首次研究候选,f0b6ef83385be92e14524d8f21f9ebb59a603877,2026-08-29,CN:603303,得邦照明,14.5375亿元现金重大收购已完成过户，取得嘉利股份67.48%股权，合并范围与资产负债边界发生实质变化，值得完整研究。,candidate,,event-scan-2026-08-29-003243
首次研究候选,f0b6ef83385be92e14524d8f21f9ebb59a603877,2026-08-29,CN:688268,华特气体,拟定增募资7亿元，其中6亿元用于半导体材料生产基地，产能扩张、资本开支和稀释边界值得完整研究。,candidate,,event-scan-2026-08-29-003243
首次研究候选,f0b6ef83385be92e14524d8f21f9ebb59a603877,2026-08-29,CN:688350,富淼科技,约6.9584亿元收购沃特泰科51.1649%股权并取得控制权，交割推进使合并范围与资产负债边界发生实质变化，值得完整研究。,candidate,,event-scan-2026-08-29-003243
首次研究候选,f0b6ef83385be92e14524d8f21f9ebb59a603877,2026-08-29,CN:688432,有研硅,筹划关联重大资产重组，拟收购两家半导体材料公司剩余股权并募集配套资金，合并范围、稀释和关联交易边界值得完整研究。,candidate,,event-scan-2026-08-29-003243
首次研究候选,6ce4dc34da9557deda001d675f1a5386b1ac2189,2026-08-28,CN:300005,探路者,向特定对象发行已获证监会注册：实际控制人控制主体拟按7.00元认购不超过1.4364亿股、募集不超过10.05亿元并全部补流，发行上限约占原股本30%，资本结构与稀释发生重大变化。,candidate,,event-scan-2026-08-28-183302
首次研究候选,6ce4dc34da9557deda001d675f1a5386b1ac2189,2026-08-28,CN:300355,蒙草生态,二连浩特PPP项目提前终止并形成5.1285亿元债务重组，首笔3.2278亿元依赖专项债资金、余款分期至2029年；大额政府债权回收将实质改变现金和资产质量。,candidate,,event-scan-2026-08-28-183302
首次研究候选,6ce4dc34da9557deda001d675f1a5386b1ac2189,2026-08-28,CN:300751,迈为股份,控股子公司为总投资15亿元的半导体装备研发制造基地取得83亩工业用地并签署出让合同，项目从规划进入实质建设准备，业务边界和资本开支显著扩大。,candidate,,event-scan-2026-08-28-183302
首次研究候选,5ec68f8a52c88cd53a7e033aebc1dfa34f24f774,2026-08-28,CN:003002,壶化股份,"向特定对象发行最终落地：发行4,280.13万股、价格13.69元、募集净额5.75亿元，约相当于原市值两成；股本与资本结构发生实质变化，值得完整研究。",candidate,,event-scan-2026-08-28-003252
首次研究候选,5ec68f8a52c88cd53a7e033aebc1dfa34f24f774,2026-08-28,CN:300142,沃森生物,拟向腾云新沃募资不超过22.03亿元、发行不超过2.0798亿股，并将由无控股股东状态变为腾云新沃控股、黄涛实际控制；控制权、治理和稀释均发生重大变化，值得完整研究。,candidate,,event-scan-2026-08-28-003252
首次研究候选,5ec68f8a52c88cd53a7e033aebc1dfa34f24f774,2026-08-28,CN:300889,爱克股份,拟以22亿元发行股份及现金收购东莞硅翔100%股权并配套融资，标的评估增值139.79%；备考收入和利润结构将大幅改变，构成重大资产重组，值得完整研究。,candidate,,event-scan-2026-08-28-003252
首次研究候选,5ec68f8a52c88cd53a7e033aebc1dfa34f24f774,2026-08-28,CN:600282,南钢股份,此前以9.20亿元竞得的范桥铁矿已由探矿权转为20年采矿权，资源储量、后续建设资本开支与产业链边界发生实质变化，值得完整研究。,candidate,,event-scan-2026-08-28-003252
首次研究候选,5ec68f8a52c88cd53a7e033aebc1dfa34f24f774,2026-08-28,CN:603889,新澳股份,定增申请获受理，拟募资不超过10.19亿元、发行上限为现股本30%，用于越南3万锭扩产、研发中心及补流；海外产能和资本结构变化值得完整研究。,candidate,,event-scan-2026-08-28-003252
首次研究候选,a054a7bcbc7b7464d7284a713e66dfe277b00dc2,2026-08-27,CN:301599,理奇智能,公司新签投资合作协议，拟建设总投资20亿元的锂电设备智能制造基地及研发中心，其中一期10亿元；该投资相对公司既有利润与资本规模足以改变产能、资本开支和业务边界，值得完整研究。,candidate,,event-scan-2026-08-27-183244
首次研究候选,a054a7bcbc7b7464d7284a713e66dfe277b00dc2,2026-08-27,CN:920207,众诚科技,全资子公司落地河南省级政府采购系列合同，累计含税金额2.9167亿元，合同规模相对公司历史盈利和市值显著，可能改变收入、回款与政务信息化业务判断，值得完整研究。,candidate,,event-scan-2026-08-27-183244
首次研究候选,2d19b14ac56ee916fc470a86615c64c58c2523b4,2026-08-27,CN:000952,广济药业,"深交所已受理公司向控股股东长江产业集团定向发行申请：募资上限6亿元、预计发行94,936,708股，全部用于偿还借款和补充流动资金；按上限发行后控股股东持股将由25.46%升至41.58%。在2026年一季度资产负债率74.12%、持续亏损和审计风险背景下，这一融资及控制权集中变化足以重塑普通股资本结构、偿债能力、稀释和治理判断，值得按统一标准完成正式研究；受理本身不代表风险已经消除。",candidate,,event-scan-2026-08-27-1225515705
首次研究候选,e7557fa2530a9aea7a108f226f8a9b188abd2f74,2026-08-27,CN:000881,中广核技,公司向特定对象发行申请获深交所受理，拟募集8.5亿至12.5亿元用于补充流动资金或偿还债务，发行数量上限约占现有股本30%；相对当前亏损与市值规模，融资将显著改变流动性、杠杆和每股稀释风险。,candidate,,event-a2-20260827-063457
首次研究候选,e7557fa2530a9aea7a108f226f8a9b188abd2f74,2026-08-27,CN:002072,凯瑞德,公司以1.15亿元取得金矿标的34%股权和51%表决权，标的采矿权评估增值约2069%，且矿山仍停产、复产证照和资金存在不确定性；该交易实质改变业务边界并引入高估值矿权、控制权和资本开支风险。,candidate,,event-a2-20260827-063457
首次研究候选,e7557fa2530a9aea7a108f226f8a9b188abd2f74,2026-08-27,CN:002653,海思科,"公司对外许可临床前自免资产，协议含约7,589万美元首付款（4,000万美元现金及约3,589万美元Sentivera股权）和最高14.6亿美元里程碑付款；该交易显著改变管线商业化路径、关联治理与或有价值。",candidate,,event-a2-20260827-063457
首次研究候选,e7557fa2530a9aea7a108f226f8a9b188abd2f74,2026-08-27,CN:300174,元力股份,公司恢复审核并修订收购方案，拟以约4.512亿元收购同晟新材99.9955%股权并募集配套资金；交易将取得二氧化硅业务控制权并引入业绩承诺、整合和稀释风险，足以改变业务边界。,candidate,,event-a2-20260827-063457
首次研究候选,e7557fa2530a9aea7a108f226f8a9b188abd2f74,2026-08-27,CN:300436,广生堂,公司向特定对象发行落地，实际募资7.23亿元、发行875.94万股、发行价82.54元，资金用于创新药研发和补充流动资金；对连续亏损生物医药公司的研发跑道、稀释和管线价值均有实质影响。,candidate,,event-a2-20260827-063457
首次研究候选,e7557fa2530a9aea7a108f226f8a9b188abd2f74,2026-08-27,CN:300816,艾可蓝,公司拟购买不超过10亿元算力设备并签署总价约11.09亿元、期限60个月的算力资源服务合同；相对现有业务和市值规模，该安排实质改变经营边界、资本开支、客户信用和现金流风险。,candidate,,event-a2-20260827-063457
首次研究候选,e7557fa2530a9aea7a108f226f8a9b188abd2f74,2026-08-27,CN:605008,长鸿高科,公司修订重大资产重组预案，拟以发行股份、可转债及现金收购广西长科100%股权并募集配套资金；交易作价、审计评估和业绩承诺尚未确定，但拟取得60万吨合成树脂产能，业务边界和稀释风险显著。,candidate,,event-a2-20260827-063457
首次研究候选,e7557fa2530a9aea7a108f226f8a9b188abd2f74,2026-08-27,CN:688372,伟测科技,公司20亿元可转债申请获上交所受理，资金拟投向上海和西南总部基地、AI算力芯片测试产能，并有5亿元用于偿债补流；相对持续负自由现金流，扩产融资将显著影响稀释、杠杆和资本回报。,candidate,,event-a2-20260827-063457
首次研究候选,e7557fa2530a9aea7a108f226f8a9b188abd2f74,2026-08-27,CN:688531,日联科技,公司并购申请进入审核问询回复阶段，拟以9.359亿元收购菲莱测试100%股权并募集配套资金，标的2026—2027年净利润承诺为0.40亿元和0.60亿元；交易显著影响业务协同、稀释和商誉风险。,candidate,,event-a2-20260827-063457
首次研究候选,eeecaad317a005f36e537d967438a2b91062bea4,2026-08-27,CN:002164,宁波东力,拟募资不超过10亿元，其中7亿元投向年产200万台精密减速器项目，发行股数上限为现股本30%；业务边界与资本结构发生重大变化，值得完整研究。,candidate,,event-scan-2026-08-27-003250
首次研究候选,eeecaad317a005f36e537d967438a2b91062bea4,2026-08-27,CN:300680,隆盛科技,拟发行不超过7.13亿元可转债，主要投向新能源汽车电驱核心部件扩产与卫星精密部件项目；新增债务、潜在稀释和业务扩张需要完整研究。,candidate,,event-scan-2026-08-27-003250
首次研究候选,eeecaad317a005f36e537d967438a2b91062bea4,2026-08-27,CN:301193,家联科技,拟募资不超过3亿元建设境内外3D打印材料产能并偿还借款，发行股数上限为现股本30%；产能、海外布局与资本结构变化值得完整研究。,candidate,,event-scan-2026-08-27-003250
首次研究候选,eeecaad317a005f36e537d967438a2b91062bea4,2026-08-27,CN:301376,致欧科技,拟发行不超过5.14亿元可转债建设欧洲仓储物流枢纽和数字化基础设施；跨境履约能力、债务与潜在稀释均需完整研究。,candidate,,event-scan-2026-08-27-003250
首次研究候选,eeecaad317a005f36e537d967438a2b91062bea4,2026-08-27,CN:600388,龙净环保,向控股股东紫金矿业实际发行1.422亿股，发行价14.06元，募集净额19.87亿元；股本、关联方持股和资本结构已实质变化，值得完整研究。,candidate,,event-scan-2026-08-27-003250
首次研究候选,eeecaad317a005f36e537d967438a2b91062bea4,2026-08-27,CN:603955,大千生态,向第四纪投资实际发行约2817.5万股，募集净额约7.11亿元且股份锁定36个月；控制权相关股本与资本结构落地，值得完整研究。,candidate,,event-scan-2026-08-27-003250
首次研究候选,eeecaad317a005f36e537d967438a2b91062bea4,2026-08-27,CN:605358,立昂微,签署约30亿元12英寸轻掺衬底片及硅外延片项目框架协议，固定资产投资约29亿元、建设期5年；资本开支与产品结构可能显著变化，值得完整研究。,candidate,,event-scan-2026-08-27-003250
首次研究候选,eeecaad317a005f36e537d967438a2b91062bea4,2026-08-27,CN:688175,高凌信息,拟以发行股份及现金方式收购凯睿星通89.49%股权，交易作价8.05亿元并配套融资不超过0.96亿元，构成重大资产重组；业务和股本结构需完整研究。,candidate,,event-scan-2026-08-27-003250
首次研究候选,eeecaad317a005f36e537d967438a2b91062bea4,2026-08-27,CN:688308,XD欧科亿,拟以1.75亿元收购加2.5亿元增资取得永鑫精工51%并纳入合并报表，预计形成约1.53亿元商誉；并表经营、现金流和整合风险值得完整研究。,candidate,,event-scan-2026-08-27-003250
首次研究候选,97428cf97bcea93a2b617f09b76dc5d938df1907,2026-08-26,CN:300380,安硕信息,"公司完成24,681,201股定增，发行价24.31元、募集净额5.90亿元；发行后历史每股收益口径由0.2152元摊薄至0.1827元，股本与现金资本结构已发生实质变化。",candidate,,event-a2-20260826-183616
首次研究候选,97428cf97bcea93a2b617f09b76dc5d938df1907,2026-08-26,CN:301082,久盛电气,"公司4.267亿元定增申请获受理，发行股数上限88,260,577股、约为发行前股本30%，资金拟投向井下电加热系统、电线电缆智能工厂和补流，业务与每股资本结构变化重大。",candidate,,event-a2-20260826-183616
首次研究候选,97428cf97bcea93a2b617f09b76dc5d938df1907,2026-08-26,CN:301252,同星科技,公司拟发行不超过6.50亿元可转债，投向4.00亿元算力中心温控、1.30亿元具身智能温控与精密部件产业化及1.20亿元补流，融资规模和新业务产能足以重塑资本与经营结构。,candidate,,event-a2-20260826-183616
首次研究候选,97428cf97bcea93a2b617f09b76dc5d938df1907,2026-08-26,CN:301628,强达电路,公司已完成5.50亿元可转债发行并取得实际融资，相对原55亿元基线市值和负自由现金流约束显著，债务、未来转股稀释与扩产回报需要完整研究。,candidate,,event-a2-20260826-183616
首次研究候选,c2ccb5c74d9174053e0ed08ff69c9a7a0f6e2210,2026-08-26,CN:002510,天汽模,修订后的重大资产重组方案拟以18.30亿元收购东实股份60%股权，并募集不超过7.32亿元配套资金；标的2025年收入44.81亿元、归母净利润2.15亿元，均显著高于上市公司原有规模，交易将实质改变业务、股本、负债和商誉结构，值得完整核验定价、协同、稀释与整合风险。,candidate,,event-a2-20260826-063233
首次研究候选,8867879593ef6fad3b8b565859c0a54b15fc0702,2026-08-26,CN:600960,渤海汽车,27.10亿元重大资产重组完成，收购三家公司权益并新增约6.697亿股，总股本由约9.505亿股增至16.202亿股；资产、股本和业务边界已发生根本变化。,candidate,,event-a2-20260826-0055
首次研究候选,8867879593ef6fad3b8b565859c0a54b15fc0702,2026-08-26,CN:603023,威帝股份,重大资产购买完成过户，玖星精密纳入合并范围，交易付款规模约11亿元；合并边界与盈利结构发生重大变化。,candidate,,event-a2-20260826-0055
首次研究候选,8867879593ef6fad3b8b565859c0a54b15fc0702,2026-08-26,CN:603396,金辰股份,公司拟投资约10亿元建设半导体装备项目，规模约为基线市值三分之一；业务结构和资本配置将发生显著变化。,candidate,,event-a2-20260826-0055
首次研究候选,a2217c008332adffdb5ba8cc093e61bdab739e9b,2026-08-25,CN:300489,光智科技,公司已完成对广东先锐科技3.01亿元关联增资交割并取得50.0832%控制权，新增III-V族化合物材料和磷化铟衬底业务并纳入合并报表；这项已落地的关联收购实质改变业务结构，值得完整核验标的经营基础、定价公允性、资金回报和治理风险。,candidate,,event-a2-20260825-183836
首次研究候选,6954e2a0bedab873318e503190caab2a010960aa,2026-08-25,CN:300589,江龙船艇,"公司新签一艘40米公务船重大销售合同，合同总价8,700万美元，按签约日汇率折合约5.90亿元，相当于2025年度营业收入的83.99%；合同预计在生效后26个月内交付，若履行将显著改变未来年度订单、收入与现金流边界，值得完整研究。",candidate,,event-a2-20260825-123709
首次研究候选,6954e2a0bedab873318e503190caab2a010960aa,2026-08-25,CN:300769,德方纳米,公司不超过29亿元的向特定对象发行已获深交所受理，其中21.5亿元拟投向20万吨/年磷酸盐新材料一体化项目、7.5亿元补充流动资金；融资规模约为基线总市值的四分之一，且公司仍处亏损修复期，新增产能、摊薄与现金流影响足以要求完整研究。,candidate,,event-a2-20260825-123709
首次研究候选,6954e2a0bedab873318e503190caab2a010960aa,2026-08-25,CN:300835,龙磁科技,公司不超过7.6亿元的向特定对象发行已获深交所受理，拟投入越南龙磁二期、芯片电感智造项目并补充流动资金及偿还贷款；发行上限为现有股本30%，新增海外磁性材料与AI服务器芯片电感产能及潜在摊薄已越过原先业务结构与自由现金流边界，值得完整研究。,candidate,,event-a2-20260825-123709
首次研究候选,838bd7ad0b55dac1835da235fd47dd4020d00efc,2026-08-25,CN:300901,中胤时尚,公司拟以2.49亿元将芯片设计企业英诺达持股由6.3830%提高至最高40.0339%，虽不并表但相对原主业和公司规模已构成显著业务结构变化。,candidate,,event-scan-20260825T003625
首次研究候选,838bd7ad0b55dac1835da235fd47dd4020d00efc,2026-08-25,CN:301413,安培龙,"公司完成9,469,472股定增，募集净额5.34亿元，用于压力/力/MEMS传感器产线及补充流动资金，新增股本约为发行前7.40%，资本与产能结构显著改变。",candidate,,event-scan-20260825T003625
首次研究候选,838bd7ad0b55dac1835da235fd47dd4020d00efc,2026-08-25,CN:600123,兰花科创,总投资39.62亿元的煤化工升级项目已进入2026年末投产节点，并同步停止两家旧化工化肥企业生产，产能、成本和现金流结构将发生重大变化。,candidate,,event-scan-20260825T003625
首次研究候选,838bd7ad0b55dac1835da235fd47dd4020d00efc,2026-08-25,CN:600984,建设机械,公司拟通过发行股份及支付现金收购蒲城清洁能源化工100%股权并配套融资，交易旨在改变连续四年亏损和退市风险，属于根本性业务与资产结构变化。,candidate,,event-scan-20260825T003625
首次研究候选,838bd7ad0b55dac1835da235fd47dd4020d00efc,2026-08-25,CN:601022,宁波远洋,"公司完成145,403,704股定增，募集净额10.79亿元；新增股本和船队相关资本投入规模足以改变每股资本结构与后续现金回报。",candidate,,event-scan-20260825T003625
首次研究候选,838bd7ad0b55dac1835da235fd47dd4020d00efc,2026-08-25,CN:603291,联合水务,公司中标沙特污水处理第11包15年运维合同，预计总收入11.406亿沙特里亚尔，合同规模相对现有经营体量重大并扩展海外长期运营业务。,candidate,,event-scan-20260825T003625
首次研究候选,838bd7ad0b55dac1835da235fd47dd4020d00efc,2026-08-25,CN:603333,福华尚纬,"公司完成123,633,871股定增，募集净额8.56亿元，新增股份约占发行前股本16.59%，融资规模和摊薄足以要求重新研究经营与每股价值。",candidate,,event-scan-20260825T003625
首次研究候选,838bd7ad0b55dac1835da235fd47dd4020d00efc,2026-08-25,CN:688116,天奈科技,"公司拟以2,550万美元出售北美主体51%股权并使其出表，以适应美国政策限制；海外产能、合并范围、担保和未来融资安排均发生实质变化。",candidate,,event-scan-20260825T003625
首次研究候选,e7db9ab4ac25ee1903a8d9e1484c2ac226e08d33,2026-08-24,CN:300432,富临精工,公司终止与合作方共同建设17.5万吨磷酸铁锂项目，改由控股子公司独立承接并推进总投资40亿元、年产35万吨项目；资本投入、产能释放和项目回报责任发生重大变化，值得完整研究。,candidate,,event-a2-20260824-183630
首次研究候选,e7db9ab4ac25ee1903a8d9e1484c2ac226e08d33,2026-08-24,CN:300703,创源股份,公司已完成8350.79万元收购创酷未来90%股权的全部出资，标的装入31家成熟门店、2025年模拟净利润1159.83万元，国内文创业务从产品制造向门店运营扩展，业务结构变化值得完整研究。,candidate,,event-a2-20260824-183630
首次研究候选,e7db9ab4ac25ee1903a8d9e1484c2ac226e08d33,2026-08-24,CN:301633,港迪技术,全资子公司签署约2.3亿元国内外港口智能操控系统合同，金额相对公司现有业务规模重大，且交易对手曾由首发前5%以上股东控制；订单兑现、关联定价、收入确认和现金回收值得完整研究。,candidate,,event-a2-20260824-183630
首次研究候选,ffd394934496fc4ff9a4468fa7d62cc8a80617ed,2026-08-24,CN:003018,金富科技,"公司已锁定以35.18元/股发行8,527,572股、募集约3亿元，资金投向三项液冷板和液冷组件扩产项目；新增股份约占发行前股本3.28%，且资本投入将业务重心由饮料包装显著延伸至液冷散热，触发基线所列业务结构实质变化条件，值得完整研究新增业务订单、产能回报、现金流和普通股摊薄。",candidate,,event-1225493974-1225493979
首次研究候选,0bd4793f95cfed976caa9eda66afa3feb62810c1,2026-08-24,CN:301179,泽宇智能,公司签署协议以4.896亿元现金收购智联新能51%股权；标的2025年收入2.73亿元、净利润0.73亿元，收入约占上市公司同期22.75%，100%股权估值9.6亿元且较净资产增值约529%，交易显著改变业务边界、资本配置和商誉风险。,candidate,,event-a2-20260824-003723
首次研究候选,0bd4793f95cfed976caa9eda66afa3feb62810c1,2026-08-24,CN:301601,惠通科技,公司在公开平台中标30万吨涤纶化纤项目设备采购及安装工程，中标价3.6576亿元，显著高于公司近年扣非利润规模；尽管尚未取得正式中标通知书，潜在合同已足以显著影响订单、收入确认和执行风险，值得完整研究。,candidate,,event-a2-20260824-003723
首次研究候选,214fa0968f478b4db9153d0285ae23becc1d3e54,2026-08-22,CN:002084,海鸥住工,控股股东拟分别转让20.00%和5.01%股份，交易完成后实际控制人将变更为应臻恺；控制权和治理结构发生重大变化。,candidate,,event-a2-20260822-003526
首次研究候选,214fa0968f478b4db9153d0285ae23becc1d3e54,2026-08-22,CN:002277,友阿股份,修订交易拟以158亿元收购尚阳通100%股权并募集不超过55亿元配套资金，交易将把持续亏损的零售公司重塑为半导体企业，资产、股本和业务边界发生根本变化。,covered,research/companies/CN/002277/reports/2026-09-05.md,event-a2-20260822-003526
首次研究候选,214fa0968f478b4db9153d0285ae23becc1d3e54,2026-08-22,CN:300936,中英科技,公司拟以5.5998亿元现金收购英中电气51%股权，交易构成重大资产重组，标的资产、净资产和收入指标均超过上市公司50%，且承诺2026—2028年累计扣非前后孰低净利润3.6亿元；业务结构和资本配置将被重塑。,candidate,,event-a2-20260822-003526
首次研究候选,214fa0968f478b4db9153d0285ae23becc1d3e54,2026-08-22,CN:301051,信濠光电,公司拟以不超过9.5亿元收购迪滴新能源100%股权，标的2025年收入5.47亿元、净利润1.92亿元；相对约39亿元基线市值，跨界收购、并购贷款和合并边界均属重大变化。,candidate,,event-a2-20260822-003526
首次研究候选,214fa0968f478b4db9153d0285ae23becc1d3e54,2026-08-22,CN:301127,武汉天源,公司拟投资4.04亿元建设100MW/400MWh储能电站，其中银行贷款3.23亿元，计划把储能升级为核心增长极但未披露可核验收益率；高杠杆战略扩张足以启动完整研究。,candidate,,event-a2-20260822-003526
首次研究候选,214fa0968f478b4db9153d0285ae23becc1d3e54,2026-08-22,CN:600063,皖维高新,公司拟投资5.764亿元建设10万吨VAE乳液和5万吨胶粉项目，分别相当于现有效能约50%和45%，建设期三年、税后IRR仅7.66%；新增产能与资本回报对公司价值具有实质影响。,candidate,,event-a2-20260822-003526
首次研究候选,214fa0968f478b4db9153d0285ae23becc1d3e54,2026-08-22,CN:600377,宁沪高速,公司拟以73.4143亿元现金收购苏锡常南部高速100%股权，交易超过最近净资产5%，标的2025年扭亏且收购为此前终止交易的重启；资产结构、债务与股东回报将显著变化。,candidate,,event-a2-20260822-003526
首次研究候选,214fa0968f478b4db9153d0285ae23becc1d3e54,2026-08-22,CN:600408,安泰集团,公司拟定增不超过6.88亿元，相对约26亿元基线市值规模显著，资金将用于焦化技改及偿债，资本结构和持续亏损业务的经营边界需要完整研究。,candidate,,event-a2-20260822-003526
首次研究候选,214fa0968f478b4db9153d0285ae23becc1d3e54,2026-08-22,CN:600449,宁夏建材,公司与控股股东签署意向协议，拟收购中建材石墨100%股权并纳入合并报表；标的业务、资产和利润体量足以改变现有水泥业务结构。,covered,research/companies/CN/600449/reports/2026-08-30.md,event-a2-20260822-003526
首次研究候选,214fa0968f478b4db9153d0285ae23becc1d3e54,2026-08-22,CN:600549,厦门钨业,公司拟以5.933亿元收购江西巨通30.1683%股权并通过一致行动取得控制、纳入合并报表；标的持有大湖塘钨矿且尚未建设投产，资源储备、后续资本开支和项目风险将显著改变。,candidate,,event-a2-20260822-003526
首次研究候选,214fa0968f478b4db9153d0285ae23becc1d3e54,2026-08-22,CN:603285,键邦股份,公司拟以2.779亿元跨界收购两家自动化设备企业各55%股权，预计形成约1.54亿元商誉；标的审计前存在收入确认、费用、减值和薪酬核算偏差，且附三年业绩承诺，足以启动完整研究。,candidate,,event-a2-20260822-003526
首次研究候选,214fa0968f478b4db9153d0285ae23becc1d3e54,2026-08-22,CN:603958,哈森股份,修订交易拟以2.916亿元发行股份收购苏州郎克斯45%股权并取得100%控制，标的2025年收入6.75亿元、净利润0.62亿元，足以重塑持续亏损上市公司的盈利与股本结构。,candidate,,event-a2-20260822-003526
首次研究候选,33e7bf17cf93a3e26fde06d55c31fd5dd873ac8e,2026-08-20,CN:920057,百甲科技,公司中标中国移动宁夏中卫数据中心EPC项目，含税中标额3.296亿元且公司承担除约542万元联合体设计费用外的主要份额；相对于约8亿元总市值与此前疲弱现金流，这是主营业务向AI算力基础设施应用扩展的重大订单，值得完整核验合同转化、利润率、营运资金和履约风险。,ignore,research/companies/CN/920057/reports/2026-08-30.md,event-a2-20260820-184047
首次研究候选,3219a00bb99f0d0c3bd6560740de8655731f7b6a,2026-08-20,CN:002346,柘中股份,柘中股份拟以股权受让加3亿元增资取得尚未盈利的杰创科技53.19%股权并纳入合并报表，进入VCSEL芯片业务且将形成商誉，业务、合并和风险边界发生重大变化。,ignore,research/companies/CN/002346/reports/2026-08-30.md,event-a2-20260820-1305
首次研究候选,3219a00bb99f0d0c3bd6560740de8655731f7b6a,2026-08-20,CN:600795,国电电力,国电电力启动现金收购控股股东旗下多家常规能源发电公司，涉及约32万千瓦在运及1354万千瓦在建或拟建控股装机，未来资产和资本开支边界可能显著改变。,covered,research/companies/CN/600795/reports/2026-08-30.md,event-a2-20260820-1305
首次研究候选,3219a00bb99f0d0c3bd6560740de8655731f7b6a,2026-08-20,CN:603629,利通电子,利通电子披露不超过50亿元定增预案，其中40亿元投向智算中心建设、10亿元补流，融资规模和算力业务资本开支将显著重塑资产负债与业务结构，值得完整研究。,covered,research/companies/CN/603629/reports/2026-08-30.md,event-a2-20260820-1305
首次研究候选,3219a00bb99f0d0c3bd6560740de8655731f7b6a,2026-08-20,CN:688286,敏芯股份,敏芯股份拟以1.77亿元股权收购及增资取得浦丹光电54%股权并纳入合并报表，同时拟募资不超过2.12亿元，业务边界、商誉和资本结构均发生重大变化。,ignore,research/companies/CN/688286/reports/2026-08-30.md,event-a2-20260820-1305
首次研究候选,dc88eaced59df9e97bf250048ec9465ee67a16b2,2026-08-19,CN:000688,国城矿业,国城矿业完成约23.68亿元现金收购国城实业40%股权，标的成为全资子公司，合并边界、资源储量与资本结构发生重大变化。,covered,research/companies/CN/000688/reports/2026-08-30.md,event-scan-2026-08-19T003240+0800
首次研究候选,dc88eaced59df9e97bf250048ec9465ee67a16b2,2026-08-19,CN:001208,华菱线缆,华菱线缆已现金取得安徽三竹35%股权并取得控制权，修订方案拟再以9163万元可转债收购35%股权并配套募资不超4000万元，业务与合并边界发生实质变化。,ignore,research/companies/CN/001208/reports/2026-08-30.md,event-scan-2026-08-19T003240+0800
首次研究候选,dc88eaced59df9e97bf250048ec9465ee67a16b2,2026-08-19,CN:002219,新里程,新里程拟以4.3714亿元取得泽普医疗51%股权，预计形成2.1至2.4亿元商誉，医疗业务边界、资本配置与减值风险均发生重大变化。,covered,research/companies/CN/002219/reports/2026-08-30.md,event-scan-2026-08-19T003240+0800
首次研究候选,dc88eaced59df9e97bf250048ec9465ee67a16b2,2026-08-19,CN:300615,欣天科技,欣天科技22.5%股份拟以约7.20亿元转让并导致实际控制人变更，治理和资本配置边界发生重大变化，值得完整研究。,ignore,research/companies/CN/300615/reports/2026-08-30.md,event-scan-2026-08-19T003240+0800
首次研究候选,dc88eaced59df9e97bf250048ec9465ee67a16b2,2026-08-19,CN:603637,镇海股份,镇海股份原控股股东拟以5.553亿元转让15%股份，受让方将推荐过半数董事并使实控人变更为张文龙，治理边界发生重大变化。,covered,research/companies/CN/603637/reports/2026-08-30.md,event-scan-2026-08-19T003240+0800
首次研究候选,dc88eaced59df9e97bf250048ec9465ee67a16b2,2026-08-19,CN:688165,埃夫特-U,埃夫特-U拟以约10.737亿元收购盛普股份100%股权，备考收入和业务组合明显扩大，重大整合足以重新评估此前ignore结论。,ignore,research/companies/CN/688165/reports/2026-08-30.md,event-scan-2026-08-19T003240+0800
首次研究候选,e2e548bce71347afe2ce34c62f1bd425459d5c73,2026-08-18,CN:300688,创业黑马,公司拟以2.8亿元收购版信通100%股权，其中股份对价1.472亿元、现金对价1.328亿元，并募集配套资金不超过1.472亿元；交易作价约占上市公司净资产66.09%，构成重大资产重组，业务结构和治理边界均可能实质变化。,covered,research/companies/CN/300688/reports/2026-08-30.md,event-scan-2026-08-18T18:38:23+08:00
首次研究候选,e2e548bce71347afe2ce34c62f1bd425459d5c73,2026-08-18,CN:300911,亿田智能,子公司签署10亿元算力中心项目建设合同，其中设备8.32亿元、集成服务1.68亿元；相对原有厨电业务，该合同代表大规模资产和业务结构变化，需要完整核验资金来源、交易对手、履约能力、现金流和资本回报。,ignore,research/companies/CN/300911/reports/2026-08-30.md,event-scan-2026-08-18T18:38:23+08:00
首次研究候选,e2e548bce71347afe2ce34c62f1bd425459d5c73,2026-08-18,CN:301368,丰立智能,"向特定对象发行已完成，发行21,049,596股、价格34.68元，募集7.30亿元、净募集7.22亿元，新增股份约相当于发行前股本17.5%；资本结构和募投资金基础已发生显著变化，值得完整研究。",covered,research/companies/CN/301368/reports/2026-08-30.md,event-scan-2026-08-18T18:38:23+08:00
首次研究候选,e2e548bce71347afe2ce34c62f1bd425459d5c73,2026-08-18,CN:920438,戈碧迦,公司拟向特定对象发行最多800万股、募集不超过4亿元，其中3.1亿元投入总投资4.437亿元的高温特种功能玻璃生产线，0.9亿元补充流动资金；扩产与摊薄规模足以改变资本结构和中期经营，需要完整研究商业、财务、治理、估值与风险。,covered,research/companies/CN/920438/reports/2026-08-30.md,event-scan-2026-08-18T18:38:23+08:00
首次研究候选,da61bf36458ef8d2a1376e1bd98a83111a29c3fa,2026-08-18,CN:000153,丰原药业,公司签署21.53%股权转让协议，控股股东拟变更为蚌埠投资集团、实际控制人拟变更为蚌埠市国资委，控制权与治理结构发生重大变化。,ignore,research/companies/CN/000153/reports/2026-08-24.md,event-a2-20260818-063237
首次研究候选,da61bf36458ef8d2a1376e1bd98a83111a29c3fa,2026-08-18,CN:000620,盈新发展,董事会审议定向增发不超过17.79亿元，其中10.53亿元投向先进封装与存储模组、2.06亿元投向存储控制器研发，构成重大业务方向与资本结构变化。,ignore,research/companies/CN/000620/reports/2026-08-30.md,event-a2-20260818-063237
首次研究候选,da61bf36458ef8d2a1376e1bd98a83111a29c3fa,2026-08-18,CN:002906,华阳集团,控股股东筹划向深圳市投资控股有限公司转让股份，交易可能导致公司控制权变更，治理与产业协同假设需要完整研究。,covered,research/companies/CN/002906/reports/2026-08-30.md,event-a2-20260818-063237
首次研究候选,da61bf36458ef8d2a1376e1bd98a83111a29c3fa,2026-08-18,CN:300243,瑞丰高材,公司签署框架协议拟取得迈拓新材料至少51%控制权，标的100%股权初步估值6亿至8亿元，相对公司体量重大并可能拓展电子级环氧与低介电材料业务。,covered,research/companies/CN/300243/reports/2026-08-30.md,event-a2-20260818-063237
首次研究候选,da61bf36458ef8d2a1376e1bd98a83111a29c3fa,2026-08-18,CN:301106,骏成科技,公司拟收购江苏新通达额外50%股权并取得控制权，预计构成重大资产重组及关联交易，业务边界、治理和估值需要完整研究。,ignore,research/companies/CN/301106/reports/2026-08-27.md,event-a2-20260818-063237
首次研究候选,da61bf36458ef8d2a1376e1bd98a83111a29c3fa,2026-08-18,CN:600195,中牧股份,公司拟以公开摘牌方式合计7.27亿元收购河北圣雪大成51%及内蒙古子公司72.7272%股权，交易相对公司体量重大并将改变资产与盈利结构。,covered,research/companies/CN/600195/reports/2026-08-30.md,event-a2-20260818-063237
首次研究候选,9d70e48ca46e062687d28db674906752344dec9f,2026-08-17,CN:301550,斯菱智驱,"2026-08-17定增预案拟募集不超过18亿元、发行不超过现有股本30%，其中15亿元投入汽车零部件和机器人零部件智能制造基地；项目拟新增1,060万套汽车零部件和360万套机器人零部件产能，而机器人业务仍处起步期且项目效益尚未测算，资本结构、产能和业务组合变化足以启动完整研究。",stale,research/companies/CN/301550/reports/2026-08-18.md,event-a2-20260817-183351
首次研究候选,9d70e48ca46e062687d28db674906752344dec9f,2026-08-17,CN:920961,创远信科,2026-08-17披露的重大资产重组三次修订稿及恢复审核进展显示，公司拟以8.863亿元发行股份并支付现金收购微宇天导100%股权；标的2025年收入2.25亿元已超过上市公司同期收入，购买资产发行股份约占交易后股本21.90%，足以重塑业务规模、利润来源和普通股口径，值得按统一标准完成正式研究。,stale,research/companies/CN/920961/reports/2026-08-19.md,event-a2-20260817-183351
首次研究候选,adab77487d5b863f6374d75a691c556f0d8714ec,2026-08-17,CN:002445,中南文化,公告1225476184显示公司拟在原收购江阴苏龙热电57.30%股权的重大资产重组基础上，新增收购江阴热电50.00%股权；调整构成重组方案重大调整，完成后两家发电企业均将成为控股子公司，已构成足以重新判断业务结构、资产质量、融资与关联交易的重大新事实。,covered,research/companies/CN/002445/reports/2026-08-30.md,event-scan-a2-20260817-1225476184
