symbol,name,date,institution,rating,title,source
SSE:601138,工业富联,2026-04-30,信达证券,买入,工业富联26Q1业绩点评：业绩实现翻倍增长，CPO交换机开始出货,eastmoney_research_report
SSE:601138,工业富联,2026-04-29,国金证券,买入,产品结构升级释放利润弹性，现金流激增验证景气度,eastmoney_research_report
SSE:601138,工业富联,2026-03-20,山西证券,买入,AI服务器与高速交换机增长强劲，公司业绩加速释放,eastmoney_research_report
SSE:601138,工业富联,2026-03-12,信达证券,买入,工业富联2025年年报点评：云计算业务快速增长，AI算力驱动新周期,eastmoney_research_report
SSE:601138,工业富联,2026-03-11,国金证券,买入,云计算业务量价齐升，高速交换机成为新增长引擎,eastmoney_research_report
SZSE:001389,广合科技,2026-04-27,中邮证券,买入,产品结构升级，算力PCB进入高速成长期,eastmoney_research_report
SZSE:001389,广合科技,2025-09-25,华鑫证券,买入,公司事件点评报告：深耕服务器用PCB，有望受益于下游AI算力高景气度,eastmoney_research_report
SZSE:001389,广合科技,2025-08-25,东莞证券,买入,2025半年报点评：上半年业绩快速增长，各工厂持续向好,eastmoney_research_report
SZSE:001389,广合科技,2025-06-25,中邮证券,买入,数字化推动提产增效，经营业绩稳步提升,eastmoney_research_report
SZSE:002290,禾盛新材,2026-05-29,太平洋,买入,禾盛新材：拟定增募资用于国产智能算力中心建设，AI算力布局再加码,eastmoney_research_report
SZSE:002290,禾盛新材,2026-04-30,太平洋,买入,禾盛新材：2026Q1收入业绩短期承压，增资熠知电子加码AI算力赛道,eastmoney_research_report
SZSE:002290,禾盛新材,2026-04-03,东吴证券,买入,禾盛新材：算力业务开启第二成长曲线,eastmoney_research_report
SZSE:002290,禾盛新材,2026-03-02,国金证券,买入,家电材料基石稳固，AI算力开启第二增长曲线,eastmoney_research_report
SZSE:002290,禾盛新材,2025-08-05,民生证券,买入,动态点评：投资熠知电子，实现AI上下游一体化,eastmoney_research_report
SZSE:002463,沪电股份,2026-04-24,中邮证券,买入,高速交换机业务高增，产能扩张蓄力长期成长,eastmoney_research_report
SZSE:002463,沪电股份,2026-04-15,中银证券,买入,乘AI与高速运算东风，业绩增长动能强劲,eastmoney_research_report
SZSE:002463,沪电股份,2026-04-15,信达证券,买入,沪电股份26Q1业绩预告点评：AI算力景气度持续验证，高端产能释放在即,eastmoney_research_report
SZSE:002463,沪电股份,2026-04-02,东莞证券,买入,2025年报点评：AI驱动业绩增长，盈利能力提升,eastmoney_research_report
SZSE:002463,沪电股份,2026-03-31,华金证券,增持,核心业务景气延续，业绩与盈利能力同步提升,eastmoney_research_report
SZSE:300308,中际旭创,2026-05-27,山西证券,买入,龙头交付优势充分体现，Scaleup光连接产品有望继续保持领先,eastmoney_research_report
SZSE:300308,中际旭创,2026-05-08,西南证券,增持,2026年一季报点评：800G放量驱动业绩兑现，1.6T开启新一轮成长接力,eastmoney_research_report
SZSE:300308,中际旭创,2026-04-23,华龙证券,买入,2026年一季报点评报告：全球算力投资持续增长，公司业绩持续高增,eastmoney_research_report
SZSE:300308,中际旭创,2026-04-19,开源证券,买入,公司信息更新报告：业绩兑现高增验证产业景气，AI算力基建驱动长期价值跃迁,eastmoney_research_report
SZSE:300308,中际旭创,2026-04-17,国金证券,买入,高速光模块放量增收增利，NPO等新技术核心卡位,eastmoney_research_report
SZSE:300394,天孚通信,2026-05-31,太平洋,买入,业绩持续高增，CPO产业化重塑增长空间,eastmoney_research_report
SZSE:300394,天孚通信,2026-04-21,东吴证券,买入,2026年一季报点评：AI需求驱动业绩高增，拟H股上市打开全球化成长空间,eastmoney_research_report
SZSE:300394,天孚通信,2026-04-08,东吴证券,买入,2025年年报点评：业绩延续高增态势，H股上市契机推进全球产能协同布局,eastmoney_research_report
SZSE:300394,天孚通信,2026-02-10,山西证券,买入,业绩符合预期，1.6T光引擎和CPO、NPO产品放量可期,eastmoney_research_report
SZSE:300394,天孚通信,2026-02-09,华鑫证券,买入,公司事件点评报告：全年利润同比高增，有源无源产品线协同发展,eastmoney_research_report
SZSE:300476,胜宏科技,2026-04-30,开源证券,买入,公司信息更新报告：2026Q1业绩同环比增长，产能建设加快推进中,eastmoney_research_report
SZSE:300476,胜宏科技,2026-04-29,东莞证券,买入,深度报告：卡位优势明显，充分受益AI PCB浪潮,eastmoney_research_report
SZSE:300476,胜宏科技,2026-04-19,中邮证券,买入,高端PCB突破，全球化产能落地,eastmoney_research_report
SZSE:300476,胜宏科技,2026-04-01,东莞证券,买入,2025年报点评：全年业绩高增，AI PCB成长逻辑明确,eastmoney_research_report
SZSE:300476,胜宏科技,2025-11-10,中银证券,买入,AI驱动业绩持续兑现，产能释放拓展远期弹性空间,eastmoney_research_report
SZSE:300502,新易盛,2026-05-27,山西证券,买入,1.6T环比上量将加快，盈利能力继续维持行业领先水平,eastmoney_research_report
SZSE:300502,新易盛,2026-04-26,国金证券,买入,1Q物料与汇兑承压，看好后续1.6T产能释放带来利润增长,eastmoney_research_report
SZSE:300502,新易盛,2026-04-26,开源证券,买入,公司信息更新报告：业绩稳步增长，静待1.6T放量,eastmoney_research_report
SZSE:300502,新易盛,2026-02-02,群益证券,增持,全年利润持续高速增长，800G光模块市场份额预计快速提升,eastmoney_research_report
SZSE:300502,新易盛,2025-11-01,国元证券,买入,2025年三季度报告点评：业绩阶段性承压，下游资本开支高景气,eastmoney_research_report
SZSE:300548,长芯博创,2026-03-11,第一上海证券,,谷歌AI投资核心受益者，品类扩张潜力巨大,eastmoney_research_report
SZSE:300604,长川科技,2026-04-27,东吴证券,买入,2025年报&2026一季报点评：业绩持续高增，充分受益国产替代加速&封测厂扩产,eastmoney_research_report
SZSE:300604,长川科技,2026-04-27,群益证券,增持,测试设备龙头，业绩表现靓丽,eastmoney_research_report
SZSE:300604,长川科技,2026-03-06,东吴证券,买入,盛合晶微核心设备供应商、看好去日化公司份额持续提升,eastmoney_research_report
SZSE:300857,协创数据,2026-03-26,山西证券,买入,25年收入和利润保持高增，智算业务爆发,eastmoney_research_report
SZSE:300857,协创数据,2026-03-26,太平洋,买入,算力业务成为核心增长引擎，投入节奏加速,eastmoney_research_report
SZSE:300857,协创数据,2026-02-05,华鑫证券,买入,公司事件点评报告：公司业绩表现亮眼，AI算力硬件与AI算力服务业务双轮驱动,eastmoney_research_report
SZSE:300857,协创数据,2025-11-07,中航证券,买入,存储基业固本，智算服务开新,eastmoney_research_report
SZSE:300857,协创数据,2025-11-06,山西证券,买入,Q3收入持续高增长，算力业务布局持续加码,eastmoney_research_report
SZSE:301345,涛涛车业,2026-04-29,开源证券,买入,公司信息更新报告：2026Q1业绩延续高增长，继续看好LSEV核心基本盘高增&关注智能新品类逐步落地,eastmoney_research_report
SZSE:301345,涛涛车业,2026-04-24,国金证券,买入,高尔夫球车破圈方兴未艾 稀缺产能叠加多重优势强化竞争壁垒,eastmoney_research_report
SZSE:301345,涛涛车业,2026-04-13,开源证券,买入,公司深度报告：量化角度看美国场外高尔夫球车（LSEV）：需求从佛州向中部等地区蔓延，贸易壁垒下看好公司份额提升,eastmoney_research_report
SZSE:301345,涛涛车业,2026-04-02,太平洋,买入,涛涛车业：2025Q4收入业绩高增，美国市场规模持续快速增长,eastmoney_research_report
SZSE:301345,涛涛车业,2026-04-01,开源证券,买入,公司信息更新报告：2025Q4业绩增长提速，看好LSEV核心基本盘高增&关注智能新品类逐步落地,eastmoney_research_report
SZSE:002916,深南电路,2026-03-26,太平洋,买入,AI算力+存储产品共驱25年业绩超预期增长,eastmoney_research_report
SZSE:002916,深南电路,2026-03-17,中银证券,买入,AI、通信、汽车三轮驱动PCB高增，封装基板加速突破,eastmoney_research_report
SZSE:002916,深南电路,2026-03-16,招银国际,买入,AI-led PCB growth with substrate upside ahead,eastmoney_research_report
SZSE:002916,深南电路,2026-01-04,华安证券,买入,深南电路：AI周期赋能，高端产能持续扩张,eastmoney_research_report
SZSE:002916,深南电路,2025-12-14,中银证券,买入,股权激励显定力信心，AI+存储景气延续,eastmoney_research_report
